timestamp_utc,status,http_code,latency_ms,retry_after,note
2026-09-23T03:53:19Z,OK,200,552.1,,
2026-09-23T03:59:28Z,OK,200,632.7,,
2026-09-23T04:02:15Z,OK,200,493.4,,
2026-09-23T08:52:15Z,OK,200,483.7,,
2026-09-23T13:51:08Z,OK,200,489.2,,
2026-09-23T14:29:01Z,OK,200,689.2,,
2026-09-23T22:56:23Z,OK,200,799.5,,
2026-09-24T04:45:17Z,OK,200,498.3,,
2026-09-24T11:41:03Z,OK,200,852.1,,
2026-09-24T17:07:20Z,OK,200,499.2,,
2026-09-24T21:28:48Z,OK,200,577.9,,
2026-09-25T00:32:30Z,OK,200,598.8,,
2026-09-25T07:46:58Z,OK,200,698.3,,
2026-09-25T13:43:43Z,OK,200,812.5,,
2026-09-25T18:33:56Z,OK,200,909.5,,
2026-09-25T23:17:20Z,OK,200,648.7,,
2026-09-26T04:53:35Z,OK,200,458.5,,
2026-09-26T11:20:30Z,OK,200,619.4,,
2026-09-26T16:20:30Z,OK,200,453.7,,
2026-09-26T21:06:34Z,OK,200,771.4,,
2026-09-27T00:33:37Z,OK,200,845.2,,
2026-09-27T08:05:46Z,OK,200,528.6,,
2026-09-27T13:55:42Z,OK,200,701.6,,
2026-09-27T18:20:48Z,OK,200,801.5,,
2026-09-27T23:01:26Z,OK,200,528.2,,
2026-09-28T05:19:07Z,OK,200,629.1,,
2026-09-28T13:48:20Z,OK,200,479.8,,
2026-09-28T20:32:30Z,OK,200,603.9,,
2026-09-29T01:54:41Z,OK,200,473.7,,
2026-09-29T08:25:47Z,OK,200,589.0,,
2026-09-29T16:29:51Z,OK,200,701.6,,
2026-09-29T22:12:34Z,OK,200,587.0,,
2026-09-30T01:17:03Z,OK,200,838.7,,
2026-09-30T08:30:11Z,OK,200,584.1,,
2026-09-30T16:24:08Z,OK,200,542.4,,
2026-09-30T22:12:37Z,OK,200,668.2,,
2026-10-01T01:16:59Z,OK,200,644.2,,
2026-10-01T08:52:25Z,OK,200,662.9,,
2026-10-01T17:01:02Z,OK,200,1861.9,,
2026-10-01T22:38:52Z,OK,200,585.2,,
2026-10-02T05:32:06Z,OK,200,481.4,,
2026-10-02T12:28:41Z,OK,200,839.1,,
2026-10-02T19:16:25Z,OK,200,462.9,,
2026-10-02T23:45:38Z,OK,200,685.6,,
2026-10-03T05:14:04Z,OK,200,617.9,,
2026-10-03T11:35:48Z,OK,200,919.5,,
2026-10-03T16:14:44Z,OK,200,484.3,,
2026-10-03T19:13:38Z,OK,200,876.1,,
2026-10-03T23:00:37Z,OK,200,512.3,,
2026-10-04T05:47:51Z,OK,200,459.6,,
2026-10-04T12:17:32Z,OK,200,600.6,,
2026-10-04T18:08:37Z,OK,200,605.9,,
2026-10-04T21:20:27Z,OK,200,593.5,,
2026-10-05T00:53:49Z,OK,200,465.8,,
2026-10-05T08:58:53Z,OK,200,573.7,,
2026-10-05T19:17:29Z,OK,200,460.9,,
2026-10-06T01:17:24Z,OK,200,769.3,,
